Ohio County,AU 00,SP 01,AU 01,SP 02,AU 02,SP 03,AU 03,SP 04,AU 04,SP 05,AU 05,SP 06,AU 06,SP 07,AU 07,SP 08,AU 08,SP 09,AU 09,SP 10,AU 10,SP 11,AU 11,SP 12,AU 12,SP 13,AU 13,SP 14,AU 14,SP 15,AU 15,SP 16,AU 16,SP 17,AU 17,HH_Income00,HH_Income01,HH_Income02,HH_Income03,HH_Income04,HH_Income05,HH_Income06,HH_Income07,HH_Income08,HH_Income09,HH_Income10,HH_Income11,HH_Income12,HH_Income13,HH_Income14,HH_Income15,Population00,Population01,Population02,Population03,Population04,Population05,Population06,Population07,Population08,Population09,Population10,Population11,Population12,Population13,Population14,Population15,collegeAged00,collegeAged01,collegeAged02,collegeAged03,collegeAged04,collegeAged05,collegeAged06,collegeAged07,collegeAged08,collegeAged09,collegeAged10,collegeAged11,collegeAged12,collegeAged13,collegeAged14,collegeAged15
Adams,47,49,39,45,31,29,21,20,19,13,15,19,18,20,21,19,26,24,21,20,25,25,23,22,25,25,19,21,21,18,21,19,19,20,21,29315,29315,29315,29315,29315,29315,29315,29315,29315,33850,32791,34232,34282,35678,34733,35560,27330,27330,27330,27330,27330,27330,27330,27330,27330,28142,28578,28551,28524,28406,28342,28229,2371,2371,2371,2371,2371,2371,2371,2371,2371,2195,2229,2198,2196,2187,2211,2145
Allen,442,431,431,392,446,419,457,421,450,416,456,399,428,398,415,368,425,398,417,390,382,356,372,347,332,325,351,317,344,311,328,315,324,311,315,37048,37048,37048,37048,37048,37048,37048,37048,37048,43433,43632,43323,43194,42823,43648,44103,108473,108473,108473,108473,108473,108473,108473,108473,108473,104946,106586,106468,106079,105895,105562,105196,10725,10725,10725,10725,10725,10725,10725,10725,10725,10495,11405,11392,11350,11437,11401,11151
Ashland,134,118,132,131,150,135,150,144,148,131,144,138,147,137,143,138,132,114,129,114,114,112,151,131,143,144,147,133,132,115,109,105,98,100,96,39179,39179,39179,39179,39179,39179,39179,39179,39179,45556,44542,45641,44996,46548,47034,48003,52523,52523,52523,52523,52523,52523,52523,52523,52523,54622,53341,53331,53203,53234,53202,53189,5624,5624,5624,5624,5624,5624,5624,5624,5624,5954,5707,5653,5640,5749,5799,5744
Ashtabula,166,159,157,148,157,148,174,165,186,174,171,161,162,141,154,144,120,119,125,111,123,100,107,98,112,103,115,121,121,116,123,122,127,117,124,35607,35607,35607,35607,35607,35607,35607,35607,35607,41498,42139,41501,41075,40516,40304,40544,102728,102728,102728,102728,102728,102728,102728,102728,102728,101375,101867,101676,101262,100835,100346,99777,7917,7917,7917,7917,7917,7917,7917,7917,7917,7907,7946,7931,7898,7966,8028,7982
Athens,78,68,77,73,73,72,86,78,73,68,69,68,73,69,72,74,76,77,58,59,68,60,70,65,70,66,72,68,74,70,73,70,81,74,75,27322,27322,27322,27322,27322,27322,27322,27322,27322,30190,31559,33546,33836,33823,33773,33872,62223,62223,62223,62223,62223,62223,62223,62223,62223,63073,64455,64562,64592,64811,64840,64974,19273,19273,19273,19273,19273,19273,19273,19273,19273,21949,20755,20724,20734,20545,20489,19622
Auglaize,202,182,208,195,212,211,206,197,205,198,209,183,203,187,207,198,204,193,224,199,217,193,192,178,181,174,178,177,177,167,169,167,163,159,154,43367,43367,43367,43367,43367,43367,43367,43367,43367,52185,52018,52838,52267,52239,52773,54274,46611,46611,46611,46611,46611,46611,46611,46611,46611,46620,46023,45986,45934,45906,45867,45873,3663,3663,3663,3663,3663,3663,3663,3663,3663,3963,3590,3495,3491,3489,3532,3670
Belmont,235,223,243,226,234,214,223,202,245,226,240,215,209,184,215,198,195,183,188,169,186,173,162,146,147,140,145,139,134,127,129,133,138,133,128,29714,29714,29714,29714,29714,29714,29714,29714,29714,37753,38320,39712,41676,41534,43045,43833,70226,70226,70226,70226,70226,70226,70226,70226,70226,68372,70403,70346,70182,69990,69793,69560,5344,5344,5344,5344,5344,5344,5344,5344,5344,5880,5914,5839,5755,5809,5583,5426
Brown,26,24,30,32,41,35,41,32,37,36,46,37,36,35,48,44,48,54,66,58,66,59,67,65,69,64,66,65,70,59,49,46,45,36,32,38303,38303,38303,38303,38303,38303,38303,38303,38303,45169,45887,46046,45807,44341,44899,45568,42285,42285,42285,42285,42285,42285,42285,42285,42285,43823,44618,44688,44666,44604,44464,44247,3425,3425,3425,3425,3425,3425,3425,3425,3425,3506,3569,3441,3484,3435,3468,3407
Butler,648,625,712,671,775,731,857,817,917,853,931,884,977,906,1001,946,1010,955,1044,964,1049,954,985,928,948,936,930,894,925,902,943,911,948,912,884,47885,47885,47885,47885,47885,47885,47885,47885,47885,54344,54788,55497,56253,56610,56998,57540,332807,332807,332807,332807,332807,332807,332807,332807,332807,356878,363465,366167,368029,369650,371154,372538,39350,39350,39350,39350,39350,39350,39350,39350,39350,36045,40708,41011,41219,42879,43796,44705
Carroll,40,33,30,27,25,22,30,32,30,29,29,30,21,20,24,24,28,27,36,32,45,41,42,41,44,44,44,44,46,44,38,35,39,38,35,35509,35509,35509,35509,35509,35509,35509,35509,35509,42375,43148,43323,43127,43779,45660,47075,28836,28836,28836,28836,28836,28836,28836,28836,28836,28752,28988,28913,28828,28689,28539,28361,2098,2098,2098,2098,2098,2098,2098,2098,2098,2070,2058,2053,2047,2037,2055,2042
Champaign,108,101,116,116,122,117,123,114,121,115,132,121,151,137,131,124,136,130,133,123,138,130,136,124,121,122,133,133,122,116,134,120,112,106,113,43139,43139,43139,43139,43139,43139,43139,43139,43139,49335,49246,48335,50214,49157,49840,50974,38890,38890,38890,38890,38890,38890,38890,38890,38890,39549,40140,40092,39982,39855,39628,39393,3069,3069,3069,3069,3069,3069,3069,3069,3069,3322,3372,3288,3279,3388,3368,3388
Clark,332,302,332,312,347,312,321,301,303,291,318,305,351,331,361,349,406,389,378,356,354,325,318,294,315,294,301,282,310,302,306,293,284,277,286,40340,40340,40340,40340,40340,40340,40340,40340,40340,43870,44141,44037,43684,43136,43011,43625,144742,144742,144742,144742,144742,144742,144742,144742,144742,140419,139374,138782,138278,137763,137303,136827,13089,13089,13089,13089,13089,13089,13089,13089,13089,12216,12404,12490,12445,12536,12357,12178
Clermont,165,148,152,136,155,159,187,180,196,176,201,193,214,200,203,189,207,189,276,258,319,290,356,344,407,408,412,402,428,417,437,423,425,414,429,49386,49386,49386,49386,49386,49386,49386,49386,49386,57217,58472,60219,60590,60365,60552,60805,177977,177977,177977,177977,177977,177977,177977,177977,177977,193377,195312,196731,197543,198417,199450,200285,14862,14862,14862,14862,14862,14862,14862,14862,14862,15664,15625,15738,15803,15873,16155,16223
Clinton,86,78,105,97,93,91,87,86,94,80,81,76,81,67,83,81,89,84,80,75,77,72,73,70,64,63,68,62,72,69,78,74,100,98,95,40467,40467,40467,40467,40467,40467,40467,40467,40467,47842,46261,47264,46443,46048,45909,46787,40543,40543,40543,40543,40543,40543,40543,40543,40543,42820,42416,42296,42161,42013,41871,41892,4126,4126,4126,4126,4126,4126,4126,4126,4126,4154,4199,4145,4132,4033,4020,4022
Columbiana,197,179,189,182,204,187,217,195,203,192,205,189,201,194,197,179,203,185,179,160,174,159,154,143,139,134,127,118,117,111,127,121,108,101,106,34226,34226,34226,34226,34226,34226,34226,34226,34226,40551,39502,41003,41870,42300,43707,44497,112075,112075,112075,112075,112075,112075,112075,112075,112075,108683,108609,108198,107598,107078,106622,105987,8723,8723,8723,8723,8723,8723,8723,8723,8723,8803,8472,8223,8177,8031,8103,8055
Coshocton,104,108,114,106,108,103,113,103,94,84,92,92,93,83,93,80,91,80,86,80,80,71,85,80,77,72,91,86,88,77,83,82,86,78,78,34701,34701,34701,34701,34701,34701,34701,34701,34701,40021,39469,40727,41885,41274,41569,41701,36655,36655,36655,36655,36655,36655,36655,36655,36655,36215,37046,36974,36880,36862,36768,36724,2878,2878,2878,2878,2878,2878,2878,2878,2878,3078,3038,2921,2914,2912,2868,2828
Crawford,176,155,185,167,183,174,169,158,157,146,151,151,145,135,149,136,146,139,141,117,141,125,128,117,119,108,107,106,130,121,132,126,130,107,103,36227,36227,36227,36227,36227,36227,36227,36227,36227,41575,41228,41336,41877,40783,41377,40795,46966,46966,46966,46966,46966,46966,46966,46966,46966,44181,44294,43998,43623,43348,43036,42725,3843,3843,3843,3843,3843,3843,3843,3843,3843,3314,3233,3256,3272,3338,3400,3375
Cuyahoga,3152,2960,3181,3015,3268,3126,3374,3194,3413,3227,3382,3203,3461,3255,3584,3397,3702,3472,3801,3545,3801,3555,3897,3666,3827,3750,3879,3742,3875,3695,3777,3633,3766,3621,3838,39168,39168,39168,39168,39168,39168,39168,39168,39168,43145,43603,44088,43861,43804,44203,44190,1393978,1393978,1393978,1393978,1393978,1393978,1393978,1393978,1393978,1296287,1293825,1285279,1278024,1272533,1267513,1263189,110451,110451,110451,110451,110451,110451,110451,110451,110451,111481,111269,111819,112466,113255,115344,114950
Darke,156,132,162,157,151,138,121,118,117,105,115,106,141,134,152,147,159,151,148,124,123,113,114,111,114,106,107,101,115,113,103,95,98,95,78,39307,39307,39307,39307,39307,39307,39307,39307,39307,45165,44280,45055,44311,43425,43323,44632,53309,53309,53309,53309,53309,53309,53309,53309,53309,52196,52945,52907,52776,52666,52537,52356,4133,4133,4133,4133,4133,4133,4133,4133,4133,4228,4024,3968,3958,3950,3993,3979
Defiance,109,101,108,97,136,126,130,120,112,106,104,96,101,96,98,90,91,86,85,79,99,94,97,89,94,88,103,94,101,96,95,96,102,101,94,44938,44938,44938,44938,44938,44938,44938,44938,44938,45079,44480,46864,46377,47593,48853,50663,39500,39500,39500,39500,39500,39500,39500,39500,39500,38516,39119,39066,38975,38911,38795,38669,3626,3626,3626,3626,3626,3626,3626,3626,3626,3543,3560,3516,3469,3580,3530,3596
Delaware,842,814,864,830,926,911,1015,994,1086,1048,1226,1174,1363,1311,1464,1411,1597,1538,1819,1752,1985,1915,2076,1932,2090,2091,2147,2047,2218,2164,2290,2220,2364,2264,2477,67258,67258,67258,67258,67258,67258,67258,67258,67258,85054,87908,90022,90499,89757,91936,91955,109989,109989,109989,109989,109989,109989,109989,109989,109989,159868,166108,170541,174454,178139,181821,185433,8337,8337,8337,8337,8337,8337,8337,8337,8337,11510,10631,10915,11340,11935,12727,13351
Erie,253,238,272,265,310,286,301,298,300,284,302,293,297,261,303,276,296,284,270,246,264,247,258,235,228,226,241,227,245,228,220,205,228,217,216,42746,42746,42746,42746,42746,42746,42746,42746,42746,46403,46593,47466,46906,46498,48204,48011,79551,79551,79551,79551,79551,79551,79551,79551,79551,77400,77454,77223,76952,76634,76416,76141,5726,5726,5726,5726,5726,5726,5726,5726,5726,6115,5887,5792,5771,5824,5960,6015
Fairfield,766,715,822,765,796,745,813,792,768,719,747,708,775,731,782,726,837,790,856,793,864,808,909,858,921,924,959,921,950,899,897,877,950,930,996,47962,47962,47962,47962,47962,47962,47962,47962,47962,56955,56796,58249,58971,58786,60704,60567,122759,122759,122759,122759,122759,122759,122759,122759,122759,140842,143949,145167,146138,147110,148067,149112,9902,9902,9902,9902,9902,9902,9902,9902,9902,11408,11372,11323,11545,11769,12290,12525
Fayette,110,108,98,95,97,79,78,79,63,60,60,63,60,61,69,71,77,71,94,84,70,64,75,76,82,83,85,80,85,86,85,80,77,72,75,36735,36735,36735,36735,36735,36735,36735,36735,36735,40249,39599,39263,38864,37619,40576,40503,28433,28433,28433,28433,28433,28433,28433,28433,28433,28205,28913,28955,28931,28902,28875,28769,2279,2279,2279,2279,2279,2279,2279,2279,2279,2313,2313,2287,2286,2225,2223,2186
Franklin,10890,10253,10846,10711,11015,10753,10887,10555,10901,10518,10821,10668,11186,10740,11181,10762,11474,11023,12890,12584,13198,12484,13040,12445,12085,12099,12161,11717,12097,11661,11930,11557,11789,11448,12091,42734,42734,42734,42734,42734,42734,42734,42734,42734,49041,49087,50045,50700,50877,51890,52341,1068978,1068978,1068978,1068978,1068978,1068978,1068978,1068978,1068978,1124073,1141117,1153671,1167484,1181824,1197592,1215761,124804,124804,124804,124804,124804,124804,124804,124804,124804,112407,132370,134980,136596,134728,132933,130086
Fulton,102,91,102,91,111,100,113,99,115,103,120,112,117,111,116,114,126,120,126,114,97,96,84,75,73,75,82,80,81,83,100,95,87,81,77,44074,44074,44074,44074,44074,44074,44074,44074,44074,50262,50717,51851,53039,52856,52872,55120,42084,42084,42084,42084,42084,42084,42084,42084,42084,42482,42756,42702,42635,42601,42541,42485,3317,3317,3317,3317,3317,3317,3317,3317,3317,3441,3249,3160,3240,3238,3318,3441
Gallia,59,51,56,43,53,47,52,49,62,55,64,64,74,69,72,65,55,51,53,45,49,47,47,45,43,44,41,41,46,48,48,46,46,44,48,30191,30191,30191,30191,30191,30191,30191,30191,30191,36675,37409,36918,39399,39226,37494,37319,31069,31069,31069,31069,31069,31069,31069,31069,31069,30837,30943,30954,30877,30859,30763,30565,3104,3104,3104,3104,3104,3104,3104,3104,3104,2868,2816,2755,2686,2716,2738,2629
Geauga,237,225,254,233,256,245,272,260,257,248,267,265,289,277,303,299,321,296,335,321,393,382,406,376,426,404,430,420,426,410,441,418,475,455,475,60200,60200,60200,60200,60200,60200,60200,60200,60200,67596,65663,66229,66127,67663,70487,72430,90895,90895,90895,90895,90895,90895,90895,90895,90895,98143,93604,93476,93485,93610,93819,93874,5966,5966,5966,5966,5966,5966,5966,5966,5966,8048,6365,6356,6450,6646,7036,7228
Greene,249,241,261,261,277,253,281,257,256,237,268,275,316,291,337,319,337,305,391,373,420,377,436,419,479,466,483,469,477,454,432,417,436,423,448,48656,48656,48656,48656,48656,48656,48656,48656,48656,57011,56679,57553,57992,58080,58775,60113,147886,147886,147886,147886,147886,147886,147886,147886,147886,158389,159940,160940,161936,162588,163313,164192,20204,20204,20204,20204,20204,20204,20204,20204,20204,27085,23351,23336,23805,22437,21884,21673
Guernsey,114,113,107,104,100,96,95,86,101,96,100,101,100,94,111,101,93,91,99,92,89,78,76,75,66,63,64,63,61,57,58,56,57,53,54,30110,30110,30110,30110,30110,30110,30110,30110,30110,37193,37573,38179,39293,38841,40420,40930,40792,40792,40792,40792,40792,40792,40792,40792,40792,40332,40351,40219,40056,39935,39794,39626,3259,3259,3259,3259,3259,3259,3259,3259,3259,3227,3228,3177,3245,3275,3263,3091
Hamilton,1933,1830,2026,1940,2167,2090,2332,2172,2314,2180,2354,2204,2430,2287,2415,2236,2418,2267,2382,2164,2287,2126,2218,2116,2288,2198,2270,2184,2162,2089,2180,2096,2135,2039,2119,40964,40964,40964,40964,40964,40964,40964,40964,40964,48363,48234,49218,49104,48593,48927,49013,845303,845303,845303,845303,845303,845303,845303,845303,845303,851867,802194,801223,801350,802481,803272,804194,81114,81114,81114,81114,81114,81114,81114,81114,81114,82631,82626,83327,83340,82656,81130,79615
Hancock,219,203,204,198,209,215,218,206,204,179,208,192,197,193,212,202,231,219,234,217,254,238,266,247,267,273,273,279,278,263,273,251,257,240,242,43856,43856,43856,43856,43856,43856,43856,43856,43856,48369,49070,49888,49350,49589,50166,50895,71295,71295,71295,71295,71295,71295,71295,71295,71295,74058,74670,74847,75043,75239,75290,75428,7099,7099,7099,7099,7099,7099,7099,7099,7099,7258,7542,7634,7729,7674,7529,7317
Hardin,110,95,96,91,94,90,103,88,93,83,87,89,89,82,85,79,76,74,68,61,72,62,67,62,72,68,75,71,80,80,81,81,77,74,71,34440,34440,34440,34440,34440,34440,34440,34440,34440,41423,41343,39945,40732,40415,42670,42703,31945,31945,31945,31945,31945,31945,31945,31945,31945,31739,32104,32127,31986,31886,31826,31736,4965,4965,4965,4965,4965,4965,4965,4965,4965,4697,5072,5076,4958,5038,5029,5014
Harrison,27,27,26,29,23,22,23,20,19,16,23,22,30,25,26,24,31,30,25,20,20,20,21,18,17,17,18,18,18,18,15,13,17,16,11,30318,30318,30318,30318,30318,30318,30318,30318,30318,35493,35363,36920,37088,39002,41819,43173,15856,15856,15856,15856,15856,15856,15856,15856,15856,15430,15867,15864,15818,15766,15698,15633,1111,1111,1111,1111,1111,1111,1111,1111,1111,1034,1079,1063,1076,1104,1115,1110
Henry,77,79,85,82,80,78,91,91,108,101,98,96,106,99,94,90,91,75,67,66,89,84,86,81,97,91,101,94,97,89,92,88,92,88,91,42657,42657,42657,42657,42657,42657,42657,42657,42657,49417,48367,48932,49423,49439,52526,53835,29210,29210,29210,29210,29210,29210,29210,29210,29210,28976,28546,28353,28246,28164,28074,28015,2315,2315,2315,2315,2315,2315,2315,2315,2315,2550,2227,2183,2175,2169,2162,2185
Highland,66,60,80,75,78,74,73,65,76,69,71,74,78,73,79,72,82,76,73,63,66,62,68,56,53,50,58,63,61,63,62,60,58,60,60,35313,35313,35313,35313,35313,35313,35313,35313,35313,40138,39844,40423,39641,39091,39855,39858,40875,40875,40875,40875,40875,40875,40875,40875,40875,42384,43648,43631,43454,43395,43266,43170,3484,3484,3484,3484,3484,3484,3484,3484,3484,3475,3579,3534,3520,3515,3461,3367
Hocking,54,54,55,52,53,54,52,49,64,54,62,57,76,66,84,78,82,76,74,74,76,73,71,67,72,67,69,68,78,79,84,80,78,73,72,34261,34261,34261,34261,34261,34261,34261,34261,34261,40618,39586,42227,40556,42089,42792,42170,28241,28241,28241,28241,28241,28241,28241,28241,28241,28857,29338,29400,29372,29268,29111,28914,2334,2334,2334,2334,2334,2334,2334,2334,2334,2309,2318,2264,2291,2224,2183,2140
Holmes,40,38,32,33,37,31,30,30,36,28,33,32,31,29,39,31,44,41,49,47,52,48,47,40,51,55,51,48,47,45,45,41,41,41,43,36944,36944,36944,36944,36944,36944,36944,36944,36944,45171,43533,44746,44091,45477,47625,51996,38943,38943,38943,38943,38943,38943,38943,38943,38943,41452,42068,42264,42501,42841,43176,43436,4047,4047,4047,4047,4047,4047,4047,4047,4047,3938,4081,4142,4208,4284,4318,4387
Huron,212,187,203,192,184,167,181,154,194,176,192,169,195,179,200,190,186,167,171,152,157,138,155,133,149,144,156,148,139,132,145,146,140,131,126,40558,40558,40558,40558,40558,40558,40558,40558,40558,46898,47058,48358,48335,49404,49315,48745,59487,59487,59487,59487,59487,59487,59487,59487,59487,59997,59932,59813,59628,59390,59186,58937,5106,5106,5106,5106,5106,5106,5106,5106,5106,4920,4795,4725,4591,4632,4735,4774
Jackson,60,49,49,46,50,48,47,42,52,45,47,38,61,61,67,58,64,62,58,52,55,43,54,47,50,48,63,65,62,59,54,49,48,46,53,30661,30661,30661,30661,30661,30661,30661,30661,30661,34128,34044,37243,36903,36356,37393,39460,32641,32641,32641,32641,32641,32641,32641,32641,32641,33342,33165,33176,33134,33034,32952,32854,2862,2862,2862,2862,2862,2862,2862,2862,2862,2634,2720,2720,2717,2742,2735,2694
Jefferson,218,187,188,174,184,157,166,157,179,167,198,181,205,188,200,182,195,178,164,150,151,136,140,128,118,114,122,115,109,108,110,111,105,103,96,30853,30853,30853,30853,30853,30853,30853,30853,30853,37097,37527,39453,40115,40577,40816,41942,73894,73894,73894,73894,73894,73894,73894,73894,73894,68762,70041,69672,69343,68928,68510,68053,6227,6227,6227,6227,6227,6227,6227,6227,6227,6189,6444,6549,6588,6686,6577,6669
Knox,178,159,187,175,180,194,217,199,206,173,202,191,223,209,232,208,208,198,202,194,218,207,189,187,181,170,179,165,165,152,165,144,160,158,161,38877,38877,38877,38877,38877,38877,38877,38877,38877,45525,45655,48734,49323,49750,48953,48533,54500,54500,54500,54500,54500,54500,54500,54500,54500,58871,60201,60623,60791,60925,61063,61004,6480,6480,6480,6480,6480,6480,6480,6480,6480,7123,7104,7214,7173,7189,7266,7259
Lake,513,478,501,476,528,506,531,501,567,538,601,561,581,557,603,573,598,573,603,571,595,568,604,572,636,612,644,605,626,612,661,614,654,631,657,48763,48763,48763,48763,48763,48763,48763,48763,48763,54616,54896,55968,56231,56018,56809,58029,227511,227511,227511,227511,227511,227511,227511,227511,227511,234634,229418,229745,229873,229850,229602,229437,16356,16356,16356,16356,16356,16356,16356,16356,16356,18771,17206,17231,17240,17469,17450,17667
Lawrence,112,100,112,108,117,102,100,99,114,111,126,114,114,109,119,108,107,100,98,89,82,80,66,64,63,60,61,58,64,59,65,62,65,62,67,29127,29127,29127,29127,29127,29127,29127,29127,29127,34596,36461,38639,40244,41552,42981,42874,62319,62319,62319,62319,62319,62319,62319,62319,62319,62683,62647,62592,62441,62309,62100,61827,5436,5436,5436,5436,5436,5436,5436,5436,5436,4952,4886,4882,4933,5047,4968,4884
Licking,577,538,533,549,586,616,642,623,672,632,661,627,670,637,649,613,659,636,699,675,761,718,770,695,759,742,725,706,789,778,806,787,818,789,806,44124,44124,44124,44124,44124,44124,44124,44124,44124,53200,53291,54699,54247,55114,55777,56549,145491,145491,145491,145491,145491,145491,145491,145491,145491,156414,163708,165110,166135,167065,167911,168693,12632,12632,12632,12632,12632,12632,12632,12632,12632,14077,14570,14530,14620,14702,14944,15182
Logan,159,154,147,137,143,148,151,145,151,135,151,133,149,129,143,141,149,137,156,137,148,139,151,139,144,140,143,146,145,143,153,144,149,141,137,41479,41479,41479,41479,41479,41479,41479,41479,41479,47579,46493,47378,47345,47542,48416,49783,46005,46005,46005,46005,46005,46005,46005,46005,46005,46430,46006,45964,45816,45678,45564,45484,3788,3788,3788,3788,3788,3788,3788,3788,3788,3668,3496,3447,3482,3472,3463,3457
Lorain,621,583,589,556,605,574,620,583,627,585,602,558,600,573,621,576,616,595,682,620,715,669,724,689,750,716,736,708,747,700,760,728,751,712,764,45042,45042,45042,45042,45042,45042,45042,45042,45042,51981,52066,52194,51756,51816,52610,52457,284664,284664,284664,284664,284664,284664,284664,284664,284664,302811,299605,300491,301108,301720,302465,303152,24556,24556,24556,24556,24556,24556,24556,24556,24556,26042,25167,25241,25594,25948,26314,26677
Lucas,1020,953,1053,984,1082,1023,1148,1109,1195,1101,1170,1097,1140,1059,1126,1048,1120,1033,1108,1015,1093,1017,1089,1033,1036,1022,1017,969,987,943,923,877,888,859,875,38004,38004,38004,38004,38004,38004,38004,38004,38004,42696,42072,41949,41436,41556,41751,41777,455054,455054,455054,455054,455054,455054,455054,455054,455054,464956,444046,442708,441198,439511,438167,436261,44741,44741,44741,44741,44741,44741,44741,44741,44741,45566,47513,47812,47649,47028,46446,44935
Madison,225,210,209,196,210,208,197,199,219,211,210,202,231,226,241,223,228,205,215,199,195,187,205,181,203,206,206,204,208,205,220,208,211,197,200,44212,44212,44212,44212,44212,44212,44212,44212,44212,53041,50533,54366,54647,54956,54331,57406,40213,40213,40213,40213,40213,40213,40213,40213,40213,41629,42844,43151,43213,43221,43326,43456,3669,3669,3669,3669,3669,3669,3669,3669,3669,3747,3642,3754,3673,3631,3726,3650
Mahoning,663,601,627,587,630,593,669,609,684,624,631,608,652,611,605,568,563,521,533,497,484,476,459,443,457,444,454,431,443,419,402,387,394,387,421,35248,35248,35248,35248,35248,35248,35248,35248,35248,38977,40123,40570,41112,41058,41350,41375,257555,257555,257555,257555,257555,257555,257555,257555,257555,241071,241899,240131,238352,237033,235809,234550,21861,21861,21861,21861,21861,21861,21861,21861,21861,20250,20078,20171,20022,20148,20515,20406
Marion,268,238,247,229,228,244,271,260,282,245,260,236,268,242,267,241,277,252,250,215,253,224,211,197,193,180,185,163,193,198,176,182,197,165,175,38709,38709,38709,38709,38709,38709,38709,38709,38709,40936,40511,41337,40966,42572,42904,42966,66217,66217,66217,66217,66217,66217,66217,66217,66217,65593,66530,66503,66514,66323,66171,65943,5574,5574,5574,5574,5574,5574,5574,5574,5574,5838,5855,5919,5920,5836,5757,5737
Medina,401,388,430,413,452,430,473,438,493,467,533,517,534,512,551,525,566,524,569,518,579,536,606,571,629,628,656,633,680,639,680,644,714,687,743,55811,55811,55811,55811,55811,55811,55811,55811,55811,66458,66193,65578,65768,65951,66296,66952,151095,151095,151095,151095,151095,151095,151095,151095,151095,169946,170137,171327,172334,173252,174091,174831,10611,10611,10611,10611,10611,10611,10611,10611,10611,12916,11739,11822,11891,12128,12535,12937
Meigs,18,15,15,17,19,18,28,29,28,24,29,27,26,25,23,21,23,24,29,27,29,26,27,22,22,18,17,15,16,15,12,11,11,11,13,27287,27287,27287,27287,27287,27287,27287,27287,27287,33928,33407,33708,34704,35469,35970,37813,23072,23072,23072,23072,23072,23072,23072,23072,23072,22898,23649,23668,23664,23659,23564,23473,1951,1951,1951,1951,1951,1951,1951,1951,1951,1809,1845,1893,1822,1869,1791,1760
Mercer,191,175,191,179,211,192,223,209,238,221,251,238,262,237,254,226,232,220,223,196,203,190,207,184,189,173,167,158,154,148,144,138,151,141,138,42742,42742,42742,42742,42742,42742,42742,42742,42742,50685,49719,51236,52234,52535,52033,53099,40924,40924,40924,40924,40924,40924,40924,40924,40924,40761,40958,40918,40866,40811,40789,40863,3173,3173,3173,3173,3173,3173,3173,3173,3173,3628,3195,3151,3147,3224,3222,3269
Miami,284,266,272,260,284,255,304,286,310,296,327,320,349,319,350,322,329,312,306,280,297,275,282,274,274,273,307,298,303,292,300,289,281,259,258,44109,44109,44109,44109,44109,44109,44109,44109,44109,51827,51507,51438,52292,52040,51847,51569,98868,98868,98868,98868,98868,98868,98868,98868,98868,100982,102315,102487,102657,102867,103145,103517,7512,7512,7512,7512,7512,7512,7512,7512,7512,7978,7674,7687,7699,7715,7839,7867
Monroe,48,42,34,34,38,35,39,31,36,31,31,31,24,21,20,17,23,21,20,24,25,27,25,21,24,24,24,22,23,25,23,19,18,21,15,30467,30467,30467,30467,30467,30467,30467,30467,30467,34621,37030,38811,41677,40573,41394,41528,15180,15180,15180,15180,15180,15180,15180,15180,15180,14276,14751,14709,14679,14646,14590,14547,1070,1070,1070,1070,1070,1070,1070,1070,1070,1028,1033,1015,998,981,992,975
Montgomery,1751,1582,1729,1611,1792,1691,1844,1728,1859,1752,1863,1760,1969,1848,2006,1919,1968,1867,1885,1752,1791,1644,1612,1525,1533,1487,1497,1441,1475,1408,1455,1381,1388,1333,1320,40156,40156,40156,40156,40156,40156,40156,40156,40156,43815,43965,44585,43895,43401,43281,43829,559062,559062,559062,559062,559062,559062,559062,559062,559062,538299,538461,537409,535626,536433,534801,533763,54245,54245,54245,54245,54245,54245,54245,54245,54245,51138,51154,51054,51420,53107,51341,50707
Morgan,22,22,23,20,25,25,27,25,29,26,23,18,15,16,17,16,21,19,25,22,23,21,27,26,22,22,21,21,25,27,21,22,18,19,20,28868,28868,28868,28868,28868,28868,28868,28868,28868,33601,34962,35855,37152,37865,38696,37067,14897,14897,14897,14897,14897,14897,14897,14897,14897,14495,15113,15087,15042,15008,14977,14913,1187,1187,1187,1187,1187,1187,1187,1187,1187,1015,1133,1101,1128,1126,1138,1148
Morrow,91,71,86,78,90,83,100,96,87,77,89,78,85,78,87,77,81,83,100,91,96,94,115,109,113,110,122,114,117,111,104,103,100,88,87,40882,40882,40882,40882,40882,40882,40882,40882,40882,48907,49891,50252,51534,51484,51444,51993,31628,31628,31628,31628,31628,31628,31628,31628,31628,34435,34815,34880,34895,34932,34991,34996,2395,2395,2395,2395,2395,2395,2395,2395,2395,2686,2576,2546,2582,2620,2624,2625
Muskingum,288,275,290,289,290,284,314,296,282,260,284,248,301,275,309,299,313,298,296,282,277,254,258,238,227,227,230,228,203,189,180,174,179,167,182,35185,35185,35185,35185,35185,35185,35185,35185,35185,39582,39538,40590,40398,40524,40937,41130,84585,84585,84585,84585,84585,84585,84585,84585,84585,85099,85951,85997,85996,85872,85947,86016,8014,8014,8014,8014,8014,8014,8014,8014,8014,7914,7822,7826,7998,7900,7907,7913
Noble,16,16,16,16,18,16,23,21,24,21,17,14,19,17,19,20,16,14,12,11,10,13,15,14,16,15,23,19,22,17,18,16,15,16,17,32940,32940,32940,32940,32940,32940,32940,32940,32940,42961,39500,40239,39544,38290,37126,41708,14058,14058,14058,14058,14058,14058,14058,14058,14058,14242,14634,14658,14643,14639,14561,14508,1654,1654,1654,1654,1654,1654,1654,1654,1654,1908,1493,1349,1128,1025,1281,1248
Ottawa,112,98,108,104,106,102,109,105,124,111,115,110,129,121,120,112,131,114,119,104,121,107,125,123,113,109,108,100,99,93,96,88,85,78,88,44224,44224,44224,44224,44224,44224,44224,44224,44224,53277,53463,53614,53850,53202,53599,53914,40985,40985,40985,40985,40985,40985,40985,40985,40985,41132,41553,41508,41445,41372,41304,41162,2639,2639,2639,2639,2639,2639,2639,2639,2639,2962,2701,2698,2735,2731,2643,2717
Paulding,32,33,34,32,35,39,42,41,44,42,45,39,44,44,52,47,46,40,42,39,56,52,54,52,47,45,37,31,38,35,35,32,33,30,30,40327,40327,40327,40327,40327,40327,40327,40327,40327,45716,46459,43683,44099,44861,45404,45550,20293,20293,20293,20293,20293,20293,20293,20293,20293,19186,19679,19615,19522,19441,19293,19165,1777,1777,1777,1777,1777,1777,1777,1777,1777,1516,1496,1432,1445,1478,1408,1399
Perry,91,78,91,85,88,89,90,93,95,91,93,81,85,82,82,69,75,71,79,80,86,79,103,82,72,68,58,60,72,66,59,56,60,56,69,34383,34383,34383,34383,34383,34383,34383,34383,34383,42299,42388,42860,42222,41446,41892,42017,34078,34078,34078,34078,34078,34078,34078,34078,34078,35080,35843,36024,36086,36051,36000,36025,2859,2859,2859,2859,2859,2859,2859,2859,2859,2877,2867,2918,2959,3100,3168,3026
Pickaway,220,193,206,202,220,212,213,195,228,218,215,204,214,216,233,216,210,205,216,206,218,211,214,203,205,193,187,186,203,185,190,188,195,177,201,42832,42832,42832,42832,42832,42832,42832,42832,42832,48985,49262,51418,53750,54003,55678,57439,52727,52727,52727,52727,52727,52727,52727,52727,52727,53864,55128,55509,55795,55949,56279,56515,4785,4785,4785,4785,4785,4785,4785,4785,4785,4902,4851,5051,5189,5203,5121,5199
Pike,46,40,37,34,38,40,41,45,49,42,56,52,59,59,61,56,62,56,63,56,52,49,59,52,52,54,57,55,52,48,43,47,45,39,37,31649,31649,31649,31649,31649,31649,31649,31649,31649,35412,35912,39669,39735,42165,39989,40283,27695,27695,27695,27695,27695,27695,27695,27695,27695,27855,28674,28685,28652,28587,28504,28396,2469,2469,2469,2469,2469,2469,2469,2469,2469,2228,2294,2323,2349,2287,2337,2272
Portage,247,227,248,245,271,245,253,242,247,225,243,230,246,233,256,240,234,224,236,217,220,195,235,224,235,231,270,260,302,285,310,304,310,298,306,44347,44347,44347,44347,44347,44347,44347,44347,44347,50079,50447,51441,51969,52697,53027,52552,152061,152061,152061,152061,152061,152061,152061,152061,152061,156001,159943,160713,161178,163387,161553,161897,21979,21979,21979,21979,21979,21979,21979,21979,21979,25896,24791,25071,25466,27776,26333,26713
Preble,52,53,50,48,52,45,57,55,52,52,47,43,51,47,48,41,49,50,54,48,46,46,44,41,44,45,41,36,41,36,40,37,44,44,51,42093,42093,42093,42093,42093,42093,42093,42093,42093,48743,49780,48874,48899,48405,48147,47818,42337,42337,42337,42337,42337,42337,42337,42337,42337,41689,42502,42394,42240,42050,41887,41682,3251,3251,3251,3251,3251,3251,3251,3251,3251,3293,3315,3264,3210,3238,3225,3210
Putnam,206,176,205,190,207,187,181,174,193,165,203,174,192,181,199,191,214,195,208,201,202,181,197,179,219,212,230,209,233,218,226,206,207,192,186,46426,46426,46426,46426,46426,46426,46426,46426,46426,55630,56573,59378,60693,61192,61036,60524,34726,34726,34726,34726,34726,34726,34726,34726,34726,34529,34647,34546,34445,34339,34256,34184,2909,2909,2909,2909,2909,2909,2909,2909,2909,3177,2806,2764,2652,2678,2740,2769
Richland,558,502,539,504,517,469,503,463,493,472,492,477,546,500,512,473,529,487,512,480,473,445,424,416,443,445,421,424,401,387,389,384,393,353,338,37397,37397,37397,37397,37397,37397,37397,37397,37397,42233,42664,43098,42894,41835,42042,41877,128852,128852,128852,128852,128852,128852,128852,128852,128852,125791,125980,125241,124286,123387,122813,122312,10655,10655,10655,10655,10655,10655,10655,10655,10655,10692,10708,10395,10316,10241,10316,10397
Ross,195,187,218,203,224,200,237,230,226,210,247,227,249,228,237,227,244,218,209,203,185,167,197,174,191,185,200,187,198,186,187,182,181,183,177,37117,37117,37117,37117,37117,37117,37117,37117,37117,41641,42626,44577,44089,43264,43450,43345,73345,73345,73345,73345,73345,73345,73345,73345,73345,75629,77537,77868,77741,77802,77552,77334,6314,6314,6314,6314,6314,6314,6314,6314,6314,6353,6048,6074,6142,6146,6204,6187
Sandusky,143,130,134,131,124,126,137,129,138,123,133,122,151,139,151,148,146,141,134,111,124,110,133,121,127,130,135,125,117,101,96,92,92,84,102,40584,40584,40584,40584,40584,40584,40584,40584,40584,47699,48056,47277,46785,46140,46099,47209,61792,61792,61792,61792,61792,61792,61792,61792,61792,60659,61284,61088,60842,60619,60498,60187,5125,5125,5125,5125,5125,5125,5125,5125,5125,4974,4780,4643,4746,4850,4779,4815
Scioto,169,155,168,150,148,146,153,136,130,110,131,128,158,146,164,152,165,157,153,130,125,115,125,117,124,116,114,108,111,104,96,90,89,82,86,28008,28008,28008,28008,28008,28008,28008,28008,28008,31445,32812,33596,34783,35379,36945,35903,79195,79195,79195,79195,79195,79195,79195,79195,79195,76310,78988,79189,79122,78952,78520,78017,7697,7697,7697,7697,7697,7697,7697,7697,7697,7097,7583,7681,7754,7816,7538,7490
Seneca,221,205,220,206,209,196,205,194,195,174,184,169,174,166,173,151,154,139,141,132,143,131,151,139,143,146,159,149,141,132,137,126,127,121,109,38037,38037,38037,38037,38037,38037,38037,38037,38037,43397,42573,41761,42375,43764,44947,45444,58683,58683,58683,58683,58683,58683,58683,58683,58683,56711,57091,56901,56630,56376,56100,55929,6184,6184,6184,6184,6184,6184,6184,6184,6184,5898,5995,5975,6059,6145,6171,6096
Shelby,188,179,184,163,171,165,178,160,188,178,180,164,189,176,207,190,205,185,192,186,184,170,192,179,189,187,179,172,178,172,176,166,164,158,153,44507,44507,44507,44507,44507,44507,44507,44507,44507,49323,48475,50527,51159,50427,51266,54550,47910,47910,47910,47910,47910,47910,47910,47910,47910,48712,49350,49389,49359,49317,49165,49067,3912,3912,3912,3912,3912,3912,3912,3912,3912,3994,3899,3852,3751,3847,3835,3876
Stark,1050,983,1033,990,1067,1007,1023,962,1024,922,1025,948,1027,956,1039,982,1053,973,995,902,985,920,971,901,984,943,973,951,970,942,940,915,956,900,931,39824,39824,39824,39824,39824,39824,39824,39824,39824,44999,44941,45347,45689,45641,46290,47137,378098,378098,378098,378098,378098,378098,378098,378098,378098,379468,376346,376142,375593,375348,375090,374979,31379,31379,31379,31379,31379,31379,31379,31379,31379,33014,32742,32724,33052,33406,33383,33373
Summit,1181,1113,1240,1174,1293,1201,1301,1202,1295,1193,1273,1184,1279,1200,1323,1231,1326,1248,1336,1244,1348,1271,1415,1348,1465,1425,1477,1433,1496,1440,1475,1396,1522,1467,1489,42304,42304,42304,42304,42304,42304,42304,42304,42304,47776,47926,48790,49227,49669,50082,50765,542899,542899,542899,542899,542899,542899,542899,542899,542899,544221,543150,542169,541788,541592,541464,541847,44253,44253,44253,44253,44253,44253,44253,44253,44253,45715,48340,48253,49303,49826,49273,49308
Trumbull,411,383,387,376,425,382,438,401,428,397,413,385,421,377,419,388,413,393,410,388,383,365,383,354,342,335,311,296,303,307,313,304,303,286,288,38298,38298,38298,38298,38298,38298,38298,38298,38298,42407,42296,42441,42488,42880,43226,43073,225116,225116,225116,225116,225116,225116,225116,225116,225116,213350,212780,211403,209942,208792,207596,206373,17334,17334,17334,17334,17334,17334,17334,17334,17334,17068,16810,16701,16585,16703,16608,16716
Tuscarawas,210,205,228,213,238,217,236,223,237,215,212,202,229,220,233,210,237,215,229,206,226,218,212,200,204,198,204,203,213,211,210,210,219,202,209,35489,35489,35489,35489,35489,35489,35489,35489,35489,42995,42081,42846,43869,43739,44656,45310,90914,90914,90914,90914,90914,90914,90914,90914,90914,91243,92508,92561,92532,92528,92616,92697,7122,7122,7122,7122,7122,7122,7122,7122,7122,7391,7216,7220,7217,7217,7224,7230
Union,175,169,178,172,162,167,183,173,193,180,193,192,216,199,219,210,240,227,254,229,289,291,316,296,322,318,356,329,350,346,342,344,394,380,403,51743,51743,51743,51743,51743,51743,51743,51743,51743,69079,68452,68279,65866,65086,64758,67382,40909,40909,40909,40909,40909,40909,40909,40909,40909,47406,50708,51539,52153,52683,53090,53470,3110,3110,3110,3110,3110,3110,3110,3110,3110,3603,3600,3608,3703,3951,4088,4171
Van Wert,85,75,82,80,79,66,87,88,97,98,101,98,98,85,90,73,76,73,80,74,79,72,77,69,62,59,68,64,70,69,83,76,70,69,77,39497,39497,39497,39497,39497,39497,39497,39497,39497,44526,44415,45111,44602,45355,46436,48060,29659,29659,29659,29659,29659,29659,29659,29659,29659,28846,29029,28880,28808,28685,28612,28576,2483,2483,2483,2483,2483,2483,2483,2483,2483,2423,2206,2195,2189,2209,2175,2258
Vinton,8,5,9,8,17,15,15,15,14,11,17,19,18,17,17,18,19,15,14,15,16,17,15,15,13,13,11,11,11,9,11,9,17,16,12,29465,29465,29465,29465,29465,29465,29465,29465,29465,33873,34242,34399,34432,36705,37984,40680,12806,12806,12806,12806,12806,12806,12806,12806,12806,13274,13485,13457,13397,13365,13319,13234,1114,1114,1114,1114,1114,1114,1114,1114,1114,1128,1079,1103,1139,1123,1105,1072
Warren,312,301,352,325,386,377,456,425,500,483,546,535,606,580,680,646,745,683,778,700,831,788,915,872,967,944,1049,1023,1092,1034,1135,1080,1174,1142,1214,57952,57952,57952,57952,57952,57952,57952,57952,57952,70939,71274,71961,72055,72487,73177,74379,158383,158383,158383,158383,158383,158383,158383,158383,158383,203129,207790,210662,213146,215274,217623,219916,11178,11178,11178,11178,11178,11178,11178,11178,11178,14828,14130,14114,14494,15069,15451,16054
Washington,231,213,213,192,190,180,182,175,190,168,184,162,204,202,225,206,213,199,201,188,175,171,155,142,130,126,125,125,121,116,119,117,128,117,109,34275,34275,34275,34275,34275,34275,34275,34275,34275,40727,41654,43185,43829,42834,43512,43509,63251,63251,63251,63251,63251,63251,63251,63251,63251,61461,62066,61946,61751,61600,61473,61351,5610,5610,5610,5610,5610,5610,5610,5610,5610,5777,5586,5575,5558,5606,5594,5644
Wayne,230,206,222,221,240,227,232,216,219,205,225,221,249,225,240,213,230,211,233,214,234,219,242,229,239,227,218,214,206,193,204,202,206,204,228,41538,41538,41538,41538,41538,41538,41538,41538,41538,48474,48375,49261,49241,49135,49244,50383,111564,111564,111564,111564,111564,111564,111564,111564,111564,113828,114438,114508,114644,114750,114978,115371,10985,10985,10985,10985,10985,10985,10985,10985,10985,11041,11329,11336,11464,11475,11498,11652
Williams,73,60,66,63,82,76,102,94,99,88,101,92,96,92,94,88,95,91,87,83,79,70,76,63,74,74,79,78,78,72,79,76,81,81,83,40735,40735,40735,40735,40735,40735,40735,40735,40735,44734,44538,44604,43176,43089,42455,42492,39188,39188,39188,39188,39188,39188,39188,39188,39188,38204,38172,37985,37779,37623,37493,37386,3250,3250,3250,3250,3250,3250,3250,3250,3250,3247,3054,2963,2947,2935,2924,2953
Wood,347,335,387,335,378,352,371,353,398,367,376,356,372,346,364,338,361,343,355,334,355,336,387,365,383,364,365,350,364,346,376,359,359,350,357,44442,44442,44442,44442,44442,44442,44442,44442,44442,52818,53298,53610,53441,52069,52758,53577,121065,121065,121065,121065,121065,121065,121065,121065,121065,124975,125295,125566,126254,127325,128139,128885,20934,20934,20934,20934,20934,20934,20934,20934,20934,24745,21425,21221,21337,21773,22168,22813
Wyandot,78,79,80,67,70,68,81,79,81,70,73,71,84,72,86,79,83,80,85,73,74,75,78,66,76,74,69,69,60,54,59,60,62,56,68,38839,38839,38839,38839,38839,38839,38839,38839,38839,47683,47216,47958,46129,44448,46904,47555,22908,22908,22908,22908,22908,22908,22908,22908,22908,22499,22665,22661,22626,22582,22535,22467,1895,1895,1895,1895,1895,1895,1895,1895,1895,1755,1677,1654,1674,1671,1623,1707
